vszfw, hhcio, 1, 1
dnjdy, drnpw, 0, 2
gbdie, llukt, 1, 3
iaerw, ijhwx, 0, 4
iwjpo, ufmcr, 1, 5
irglr, rmipm, 0, 6
hhppd, afqsc, 1, 7
nznty, kilnx, 0, 8
apuhu, abfzt, 1, 9
exhnp, eayki, 0, 10
dpqjj, yjsfy, 1, 11
nuqsk, zybsr, 0, 12
wdnav, rlsoa, 1, 13
xzwxt, gnctv, 0, 14
mfeud, liylq, 1, 15
wltsg, obpao, 0, 16
nsjbx, yhitd, 1, 17
fuequ, dgorj, 0, 18
rcvjy, sywkw, 1, 19
ktdjd, qadsa, 0, 20
frflq, esqzp, 1, 21
boulw, hqght, 0, 22
pquwb, epsbb, 1, 23
dlisa, jlgkz, 0, 24
shkqe, ssoad, 1, 25
ikful, weroj, 0, 26
fjwcp, fryma, 1, 27
xegks, inidn, 0, 28
qsfhp, jnpjw, 1, 29
ruiju, lvacm, 0, 30
ybawt, ucioy, 1, 31
bpxrd, omlme, 0, 32
vfcrs, dcrbz, 1, 33
jyrjf, isdlz, 0, 34
rtzwe, htadl, 1, 35
zjhpp, chutm, 0, 36
cmrko, yyueh, 1, 37
tifxm, habnx, 0, 38
jvpcn, bbjvj, 1, 39
lcope, yzpnv, 0, 40
fkdbz, bruqb, 1, 41
ilwqd, jokxy, 0, 42
yaiic, rbwoc, 1, 43
fewix, llqew, 0, 44
jbspl, vhcch, 1, 45
xgpdf, kjczb, 0, 46
rjfog, mvdwm, 1, 47
uouwy, jbnrb, 0, 48
tighn, kojnz, 1, 49
ljyjx, fhcpe, 0, 50
jfyil, hrvut, 1, 51
hkbah, idxsl, 0, 52
gpuyh, rbwiw, 1, 53
einbf, gvray, 0, 54
cdtdd, feuhz, 1, 55
ennat, jqiax, 0, 56
wusku, glicq, 1, 57
qmwxs, zioox, 0, 58
hnjnz, tvonn, 1, 59
dgcbd, wujah, 0, 60
rwaog, ylaux, 1, 61
ifyrt, mwldl, 0, 62
cbxjd, ttesb, 1, 63
leldd, tlwdd, 0, 64
eltok, kokig, 1, 65
gwclj, uxeww, 0, 66
mzbld, ihkcf, 1, 67
eyyzp, nsnkm, 0, 68
kgomy, mmboj, 1, 69
xbcix, byebw, 0, 70
yvvue, yetue, 1, 71
wwref, zrrdi, 0, 72
wedll, qukgu, 1, 73
isckn, vveqc, 0, 74
pzhwi, syymc, 1, 75
qvhkj, msvoh, 0, 76
houfy, twszq, 1, 77
tjlzo, jtdxf, 0, 78
eklcg, zoxdx, 1, 79
gjxtb, uphtn, 0, 80
itmye, yudzw, 1, 81
domff, kiupo, 0, 82
opwmo, pzsqn, 1, 83
xyqum, afruy, 0, 84
kibmw, bgxxd, 1, 85
kwfgt, hkecx, 0, 86
hslkv, mcyvt, 1, 87
dfnil, iqgix, 0, 88
pqcbs, irxtb, 1, 89
vxkyz, xfksz, 0, 90
elbcr, ugfwt, 1, 91
nodzy, sdwuf, 0, 92
jpxqw, rrfgn, 1, 93
stmiv, favcf, 0, 94
rwydw, rllol, 1, 95
zpdyp, pswoy, 0, 96
fmmhs, uycmx, 1, 97
wunjz, dwkvu, 0, 98
zljmc, wadka, 1, 99
siwmc, afjtt, 0, 100
gmjkj, kdtsh, 1, 101
aqbis, iqqcc, 0, 102
qzupn, zkqha, 1, 103
tpzth, souaz, 0, 104
vuoiz, bsyxo, 1, 105
ycqgz, nvkuc, 0, 106
lyeux, crxpn, 1, 107
kdirt, fknby, 0, 108
ilysy, solcf, 1, 109
tgwrr, pfkcz, 0, 110
dpiww, wavlk, 1, 111
btsme, lcwlf, 0, 112
mhmmw, ggbry, 1, 113
jndiy, ihacf, 0, 114
yshxk, xtbkf, 1, 115
aortg, ngaht, 0, 116
zopoz, gkjjm, 1, 117
kyvaa, eswum, 0, 118
ejnvv, jfqpa, 1, 119
oveum, aqviq, 0, 120
qbacw, yyatv, 1, 121
ntgjp, pdohc, 0, 122
fxsps, qbgov, 1, 123
yehwh, ffigq, 0, 124
qxriy, tlgsj, 1, 125
gbhjg, fqpbu, 0, 126
ihziy, lwfyy, 1, 127
jhxgs, znbvi, 0, 128
sqgex, lirvc, 1, 129
jgwqn, rufgy, 0, 130
byiey, ximjn, 1, 131
ijqgl, murtg, 0, 132
qzvbz, ntfjx, 1, 133
wfhjg, uebtn, 0, 134
oighz, skidd, 1, 135
bndgw, vkfkf, 0, 136
cqjqd, rdpwi, 1, 137
nbycq, svzbi, 0, 138
oiyxq, veyge, 1, 139
habvg, vebwl, 0, 140
emrqy, oqoby, 1, 141
umckh, iqtmp, 0, 142
oqwdm, kzihx, 1, 143
ykszf, guuqb, 0, 144
jddpv, wrkei, 1, 145
trssm, bohxs, 0, 146
jhpha, tbdvb, 1, 147
fhecx, vndox, 0, 148
hjkiz, ipjdd, 1, 149
pqpkj, dzwri, 0, 150
ycegz, lxpli, 1, 151
coaxw, fopza, 0, 152
zyubo, lgpnb, 1, 153
fybtz, heksw, 0, 154
rcimm, jogza, 1, 155
xbbxk, skxmd, 0, 156
orjkc, obdeh, 1, 157
ioacl, dxjxz, 0, 158
uuipe, tgqcd, 1, 159
qyahm, pmmht, 0, 160
egixt, rxddn, 1, 161
qovtj, tzkfm, 0, 162
ryeoi, gbrjq, 1, 163
ddvmb, zvzzt, 0, 164
yrdgr, ejwuo, 1, 165
oikfn, lhomp, 0, 166
nfxow, ysrbz, 1, 167
xlduh, yuqab, 0, 168
gssvp, wfurk, 1, 169
jdsja, qhvpq, 0, 170
vtref, wcutj, 1, 171
pileb, ynprw, 0, 172
ozydj, zwbmb, 1, 173
jryns, noxem, 0, 174
nhoey, thyvr, 1, 175
ztdyt, teuys, 0, 176
tvrav, cxlli, 1, 177
enmws, oijpl, 0, 178
xxyjv, troyv, 1, 179
slmgj, ctwwi, 0, 180
hvycu, jumpa, 1, 181
guuyr, gsnop, 0, 182
vackr, nttkw, 1, 183
qpmad, jqjzd, 0, 184
ocbym, wgjrd, 1, 185
ukgbd, hjjzj, 0, 186
kwwzw, ttjce, 1, 187
bknra, pycju, 0, 188
tnkjn, jproa, 1, 189
wavpy, hasyg, 0, 190
eubyl, ktiad, 1, 191
krhkt, dtxqu, 0, 192
hxhrz, xwcer, 1, 193
mkbyz, nugde, 0, 194
bcqra, edrjx, 1, 195
kngzq, ocsfc, 0, 196
vrtin, vrblt, 1, 197
zlmvj, czaao, 0, 198
ucyqw, padjn, 1, 199
ovtng, vzhru, 0, 200
kkdoh, azvne, 1, 201
usohp, rafgh, 0, 202
zfiyg, fpkku, 1, 203
kqpab, iumgm, 0, 204
uflys, ozjyv, 1, 205
motjb, nlmwf, 0, 206
trgfe, fzxho, 1, 207
lafjy, gsbdr, 0, 208
ahqwz, wcrkl, 1, 209
lkwqy, cmqpm, 0, 210
kcidu, qpetc, 1, 211
bpgek, ulznl, 0, 212
ldlbb, ggcxu, 1, 213
vvbue, ekyef, 0, 214
yrubo, gndue, 1, 215
zfbeb, zhzxn, 0, 216
ckxqk, vfepq, 1, 217
svtjv, uprqx, 0, 218
yiejl, jpher, 1, 219
vhfxj, vlgto, 0, 220
xnnsc, fiwoq, 1, 221
jxira, vsqog, 0, 222
ouupq, avfxd, 1, 223
qsadx, seocs, 0, 224
xwuon, pysxy, 1, 225
iphyb, orglw, 0, 226
xkvjz, cgokm, 1, 227
vfhuf, qpnkh, 0, 228
uerzj, friyd, 1, 229
cgsfo, sorlr, 0, 230
ziddx, dciyl, 1, 231
gszzl, adhbe, 0, 232
ggrbv, tqyzg, 1, 233
esdcb, dqrlw, 0, 234
myhnw, sjqmm, 1, 235
xdtfz, wvtkh, 0, 236
qmecv, scngw, 1, 237
ircoh, ecgxm, 0, 238
vtftv, yxuii, 1, 239
vjpkf, rzpiq, 0, 240
jvnbg, isoex, 1, 241
rwkle, qkddi, 0, 242
qhlww, vuzow, 1, 243
yqmzp, jldru, 0, 244
wvrdx, ijhle, 1, 245
xtjdh, zcpdb, 0, 246
jqlja, kotwx, 1, 247
dxore, wgstm, 0, 248
dnfzh, zsshj, 1, 249
idzcf, kjinm, 0, 250
cfzzt, iflja, 1, 251
ugcog, lgmdo, 0, 252
iikyl, ysryk, 1, 253
gyjhz, nwsqz, 0, 254
gzdcv, gzhhc, 1, 255
gxjzu, ssefz, 0, 256
zgzkf, fpvpk, 1, 257
oxiji, sblzs, 0, 258
llpym, qovqc, 1, 259
wgttx, dnfln, 0, 260
pzcmp, refuw, 1, 261
yqakt, yhklr, 0, 262
wefcf, kixap, 1, 263
slqyf, adccp, 0, 264
nirhi, sipva, 1, 265
qvdap, zxwma, 0, 266
gsgkv, avnjv, 1, 267
rssjy, hrxkl, 0, 268
vgsrc, bqedk, 1, 269
mlmxr, hokfy, 0, 270
ecrnz, sskub, 1, 271
khhge, ueccf, 0, 272
deltg, rtlzd, 1, 273
phabh, rqphk, 0, 274
xqocz, wjxbt, 1, 275
bsymo, bmrkv, 0, 276
fnhno, ufbrf, 1, 277
umkwf, dpuaj, 0, 278
lcqka, wtmpd, 1, 279
hjebi, iqcei, 0, 280
rhtqf, wlsca, 1, 281
znpov, jyqdh, 0, 282
ename, dkjul, 1, 283
rovik, hsexn, 0, 284
vffvb, ekirl, 1, 285
oaeix, oetqt, 0, 286
hludu, qzasb, 1, 287
jmnzk, ggwnn, 0, 288
lqvgy, klnsx, 1, 289
wufqk, tcjmk, 0, 290
syyix, mswps, 1, 291
brmek, ifpbq, 0, 292
ywpwe, ahvkv, 1, 293
ctuam, godst, 0, 294
hofss, bnwjd, 1, 295
btwye, ctjnw, 0, 296
znttl, tturi, 1, 297
podgv, bsstl, 0, 298
uifpa, nhigl, 1, 299
gkatu, wctsa, 0, 300
jnuxm, squym, 1, 301
ankuq, fytnd, 0, 302
ccxew, omokg, 1, 303
fuhre, genex, 0, 304
eqgsn, bdcud, 1, 305
wwgfx, sedil, 0, 306
xmgyu, lsefe, 1, 307
ebhuq, fisto, 0, 308
ysggh, mtaba, 1, 309
joahq, fgzkk, 0, 310
szkyv, uvixe, 1, 311
eomnk, kgdnh, 0, 312
gtbjy, ifwky, 1, 313
hsudj, fdhsm, 0, 314
lttkg, dpirp, 1, 315
yazue, bciqr, 0, 316
yyjkr, cyvdu, 1, 317
vvbbs, cenaf, 0, 318
rjqkt, hbxvt, 1, 319
rzbcl, dgvqw, 0, 320
hlvzm, aaekh, 1, 321
zyete, vkokx, 0, 322
dttku, ohxjf, 1, 323
yyaem, yqzia, 0, 324
faklc, bpjyd, 1, 325
esgld, qlsao, 0, 326
lxomr, nwcxg, 1, 327
pakng, obifk, 0, 328
gcxzn, jvfiy, 1, 329
cghna, vkfss, 0, 330
irlhx, whoef, 1, 331
anxme, affia, 0, 332
ecvpm, emlwt, 1, 333
egweq, nlxfw, 0, 334
hvhbx, lgvzk, 1, 335
picdc, wjrfj, 0, 336
mkhzy, oqaeo, 1, 337
ifnhf, cnxtn, 0, 338
nnmmr, qxmak, 1, 339
pmofq, rvbvq, 0, 340
sqisr, jjseo, 1, 341
loyqs, rivho, 0, 342
vylxy, uzogz, 1, 343
ugjli, huvbo, 0, 344
tawfu, jbrvo, 1, 345
qxonp, ulmbf, 0, 346
gnrbu, zqqop, 1, 347
dyasg, phydn, 0, 348
alyfg, enmqb, 1, 349
apvko, ogdpl, 0, 350
lnuka, zpbwi, 1, 351
dopql, froem, 0, 352
xzegt, dkfxb, 1, 353
bdoqp, kiesc, 0, 354
znfet, hpbke, 1, 355
txnqb, xydne, 0, 356
rrhvi, yguoq, 1, 357
fbqgi, wqhtu, 0, 358
qcekd, apkjh, 1, 359
ezmin, hnyhs, 0, 360
xsoka, xrgst, 1, 361
vsxhp, rqzjd, 0, 362
grrol, ntzvv, 1, 363
ppguv, apimi, 0, 364
emfet, yymam, 1, 365
pwhgo, qnyef, 0, 366
rqzmy, xpgzy, 1, 367
ueofk, xyafu, 0, 368
lpmdx, uczef, 1, 369
lxpjt, piois, 0, 370
hvovt, fkwvl, 1, 371
bobnk, zuysm, 0, 372
eyuqy, vcgrc, 1, 373
rfnil, pdsct, 0, 374
ekxhd, okxyn, 1, 375
siync, rsrpr, 0, 376
beryt, qeayp, 1, 377
qhgwb, trdjh, 0, 378
oefrt, unumo, 1, 379
fpeeo, fkacr, 0, 380
brhjc, tqcin, 1, 381
cjmfg, xfkgr, 0, 382
vqwdj, txphp, 1, 383
snlqy, huura, 0, 384
xnepq, joxst, 1, 385
gopwy, khazp, 0, 386
qttbz, wiysp, 1, 387
gaxii, kkqii, 0, 388
mlxzw, mwxhp, 1, 389
ozuds, nidev, 0, 390
fhooq, joyse, 1, 391
artqr, ccbxj, 0, 392
zmmjg, nxgil, 1, 393
xhyqz, iovws, 0, 394
orfoz, zpbvl, 1, 395
gdyxd, hjsts, 0, 396
bekpa, vcukl, 1, 397
kxqbg, iyced, 0, 398
yutxd, asupk, 1, 399
popgh, ajyej, 0, 400
agczo, gcjnw, 1, 401
sdkpl, xtjtt, 0, 402
kqkle, rnbnd, 1, 403
eakiw, umfsm, 0, 404
uucce, zisbe, 1, 405
yfsih, olgii, 0, 406
lykby, lzmbg, 1, 407
vycvr, oypld, 0, 408
baeup, advff, 1, 409
ugspx, hwkxe, 0, 410
tcmlp, iknxv, 1, 411
wnqpl, rjjxp, 0, 412
dqazu, mlwpp, 1, 413
tfxlo, qcbad, 0, 414
kxici, njcsz, 1, 415
uxhtp, uupee, 0, 416
pdyrp, lflvr, 1, 417
xkiam, ptpzv, 0, 418
nznsj, mhpxb, 1, 419
snuie, awltp, 0, 420
lycxr, dbdiv, 1, 421
avhil, ppkhq, 0, 422
abwkk, gsgsd, 1, 423
pwmak, nwqjt, 0, 424
qteey, xbjud, 1, 425
ypblu, cnxxo, 0, 426
xvwxz, syicp, 1, 427
gvdsr, ztbga, 0, 428
dqbnw, mfeft, 1, 429
rmzwk, hwvaz, 0, 430
lnkzb, csydg, 1, 431
ucwpa, yshfx, 0, 432
vvjde, mduar, 1, 433
hlvvc, hpdhd, 0, 434
gbvex, vasyl, 1, 435
vndxx, ltoud, 0, 436
jdwcs, xswun, 1, 437
zpnhg, tjahf, 0, 438
xwyly, moaip, 1, 439
fjvev, zjsab, 0, 440
oqfaj, gcymb, 1, 441
uhvjg, yzvny, 0, 442
otpby, nqudm, 1, 443
yrido, qjnev, 0, 444
dybne, uafpw, 1, 445
segor, ffbkw, 0, 446
ihoxt, finqt, 1, 447
nfcos, nqjtx, 0, 448
zjuxi, axecz, 1, 449
sawko, grnhb, 0, 450
rrtpd, avone, 1, 451
ndulx, bavke, 0, 452
nhjju, gxqyh, 1, 453
ivddg, ooqii, 0, 454
xgtcx, tvbdp, 1, 455
xtwil, pyben, 0, 456
miuxv, yehqe, 1, 457
slrck, sloxp, 0, 458
wiatk, rdktp, 1, 459
kawwb, ahxfs, 0, 460
bakxz, vhcjm, 1, 461
dkmpr, eqqed, 0, 462
etdzs, pbwmf, 1, 463
ucdyh, fpmlx, 0, 464
epazg, lqhde, 1, 465
vshqk, jfdkc, 0, 466
wwmbr, crzlk, 1, 467
upuqh, vgaiv, 0, 468
xehvc, orlqv, 1, 469
twxgy, dpkhl, 0, 470
gipsz, nbpnv, 1, 471
ysyhr, hgibl, 0, 472
ozghi, qbedk, 1, 473
edhmv, duzkt, 0, 474
tpgsa, jnkbi, 1, 475
tnlzo, pehqh, 0, 476
ydupn, arvam, 1, 477
snlqa, ayzop, 0, 478
ppvsu, fddnu, 1, 479
qmoht, irpqw, 0, 480
cboes, rjrmj, 1, 481
ztmnp, qzzel, 0, 482
ljgex, megqv, 1, 483
maveu, egymh, 0, 484
nvuus, fjcrm, 1, 485
czatb, vybik, 0, 486
dzrbc, aqcce, 1, 487
gbjcg, rgktp, 0, 488
drewd, ypthr, 1, 489
ewoxi, edulj, 0, 490
qcvra, mllue, 1, 491
snklp, fjwkl, 0, 492
hklwg, wrxqr, 1, 493
vodcx, bnvmq, 0, 494
cnmgz, nfwgk, 1, 495
phqpl, hzswh, 0, 496
ynjgh, nawbu, 1, 497
eghyw, psdpa, 0, 498
xtlor, kpfkr, 1, 499
hgnoq, roqmq, 0, 500
vszfw, hhcio, 1, 1
dnjdy, drnpw, 0, 2
gbdie, llukt, 1, 3
iaerw, ijhwx, 0, 4
iwjpo, ufmcr, 1, 5
irglr, rmipm, 0, 6
hhppd, afqsc, 1, 7
nznty, kilnx, 0, 8
apuhu, abfzt, 1, 9
exhnp, eayki, 0, 10
dpqjj, yjsfy, 1, 11
nuqsk, zybsr, 0, 12
wdnav, rlsoa, 1, 13
xzwxt, gnctv, 0, 14
mfeud, liylq, 1, 15
wltsg, obpao, 0, 16
nsjbx, yhitd, 1, 17
fuequ, dgorj, 0, 18
rcvjy, sywkw, 1, 19
ktdjd, qadsa, 0, 20
frflq, esqzp, 1, 21
boulw, hqght, 0, 22
pquwb, epsbb, 1, 23
dlisa, jlgkz, 0, 24
shkqe, ssoad, 1, 25
ikful, weroj, 0, 26
fjwcp, fryma, 1, 27
xegks, inidn, 0, 28
qsfhp, jnpjw, 1, 29
ruiju, lvacm, 0, 30
ybawt, ucioy, 1, 31
bpxrd, omlme, 0, 32
vfcrs, dcrbz, 1, 33
jyrjf, isdlz, 0, 34
rtzwe, htadl, 1, 35
zjhpp, chutm, 0, 36
cmrko, yyueh, 1, 37
tifxm, habnx, 0, 38
jvpcn, bbjvj, 1, 39
lcope, yzpnv, 0, 40
fkdbz, bruqb, 1, 41
ilwqd, jokxy, 0, 42
yaiic, rbwoc, 1, 43
fewix, llqew, 0, 44
jbspl, vhcch, 1, 45
xgpdf, kjczb, 0, 46
rjfog, mvdwm, 1, 47
uouwy, jbnrb, 0, 48
tighn, kojnz, 1, 49
ljyjx, fhcpe, 0, 50
jfyil, hrvut, 1, 51
hkbah, idxsl, 0, 52
gpuyh, rbwiw, 1, 53
einbf, gvray, 0, 54
cdtdd, feuhz, 1, 55
ennat, jqiax, 0, 56
wusku, glicq, 1, 57
qmwxs, zioox, 0, 58
hnjnz, tvonn, 1, 59
dgcbd, wujah, 0, 60
rwaog, ylaux, 1, 61
ifyrt, mwldl, 0, 62
cbxjd, ttesb, 1, 63
leldd, tlwdd, 0, 64
eltok, kokig, 1, 65
gwclj, uxeww, 0, 66
mzbld, ihkcf, 1, 67
eyyzp, nsnkm, 0, 68
kgomy, mmboj, 1, 69
xbcix, byebw, 0, 70
yvvue, yetue, 1, 71
wwref, zrrdi, 0, 72
wedll, qukgu, 1, 73
isckn, vveqc, 0, 74
pzhwi, syymc, 1, 75
qvhkj, msvoh, 0, 76
houfy, twszq, 1, 77
tjlzo, jtdxf, 0, 78
eklcg, zoxdx, 1, 79
gjxtb, uphtn, 0, 80
itmye, yudzw, 1, 81
domff, kiupo, 0, 82
opwmo, pzsqn, 1, 83
xyqum, afruy, 0, 84
kibmw, bgxxd, 1, 85
kwfgt, hkecx, 0, 86
hslkv, mcyvt, 1, 87
dfnil, iqgix, 0, 88
pqcbs, irxtb, 1, 89
vxkyz, xfksz, 0, 90
elbcr, ugfwt, 1, 91
nodzy, sdwuf, 0, 92
jpxqw, rrfgn, 1, 93
stmiv, favcf, 0, 94
rwydw, rllol, 1, 95
zpdyp, pswoy, 0, 96
fmmhs, uycmx, 1, 97
wunjz, dwkvu, 0, 98
zljmc, wadka, 1, 99
siwmc, afjtt, 0, 100
gmjkj, kdtsh, 1, 101
aqbis, iqqcc, 0, 102
qzupn, zkqha, 1, 103
tpzth, souaz, 0, 104
vuoiz, bsyxo, 1, 105
ycqgz, nvkuc, 0, 106
lyeux, crxpn, 1, 107
kdirt, fknby, 0, 108
ilysy, solcf, 1, 109
tgwrr, pfkcz, 0, 110
dpiww, wavlk, 1, 111
btsme, lcwlf, 0, 112
mhmmw, ggbry, 1, 113
jndiy, ihacf, 0, 114
yshxk, xtbkf, 1, 115
aortg, ngaht, 0, 116
zopoz, gkjjm, 1, 117
kyvaa, eswum, 0, 118
ejnvv, jfqpa, 1, 119
oveum, aqviq, 0, 120
qbacw, yyatv, 1, 121
ntgjp, pdohc, 0, 122
fxsps, qbgov, 1, 123
yehwh, ffigq, 0, 124
qxriy, tlgsj, 1, 125
gbhjg, fqpbu, 0, 126
ihziy, lwfyy, 1, 127
jhxgs, znbvi, 0, 128
sqgex, lirvc, 1, 129
jgwqn, rufgy, 0, 130
byiey, ximjn, 1, 131
ijqgl, murtg, 0, 132
qzvbz, ntfjx, 1, 133
wfhjg, uebtn, 0, 134
oighz, skidd, 1, 135
bndgw, vkfkf, 0, 136
cqjqd, rdpwi, 1, 137
nbycq, svzbi, 0, 138
oiyxq, veyge, 1, 139
habvg, vebwl, 0, 140
emrqy, oqoby, 1, 141
umckh, iqtmp, 0, 142
oqwdm, kzihx, 1, 143
ykszf, guuqb, 0, 144
jddpv, wrkei, 1, 145
trssm, bohxs, 0, 146
jhpha, tbdvb, 1, 147
fhecx, vndox, 0, 148
hjkiz, ipjdd, 1, 149
pqpkj, dzwri, 0, 150
ycegz, lxpli, 1, 151
coaxw, fopza, 0, 152
zyubo, lgpnb, 1, 153
fybtz, heksw, 0, 154
rcimm, jogza, 1, 155
xbbxk, skxmd, 0, 156
orjkc, obdeh, 1, 157
ioacl, dxjxz, 0, 158
uuipe, tgqcd, 1, 159
qyahm, pmmht, 0, 160
egixt, rxddn, 1, 161
qovtj, tzkfm, 0, 162
ryeoi, gbrjq, 1, 163
ddvmb, zvzzt, 0, 164
yrdgr, ejwuo, 1, 165
oikfn, lhomp, 0, 166
nfxow, ysrbz, 1, 167
xlduh, yuqab, 0, 168
gssvp, wfurk, 1, 169
jdsja, qhvpq, 0, 170
vtref, wcutj, 1, 171
pileb, ynprw, 0, 172
ozydj, zwbmb, 1, 173
jryns, noxem, 0, 174
nhoey, thyvr, 1, 175
ztdyt, teuys, 0, 176
tvrav, cxlli, 1, 177
enmws, oijpl, 0, 178
xxyjv, troyv, 1, 179
slmgj, ctwwi, 0, 180
hvycu, jumpa, 1, 181
guuyr, gsnop, 0, 182
vackr, nttkw, 1, 183
qpmad, jqjzd, 0, 184
ocbym, wgjrd, 1, 185
ukgbd, hjjzj, 0, 186
kwwzw, ttjce, 1, 187
bknra, pycju, 0, 188
tnkjn, jproa, 1, 189
wavpy, hasyg, 0, 190
eubyl, ktiad, 1, 191
krhkt, dtxqu, 0, 192
hxhrz, xwcer, 1, 193
mkbyz, nugde, 0, 194
bcqra, edrjx, 1, 195
kngzq, ocsfc, 0, 196
vrtin, vrblt, 1, 197
zlmvj, czaao, 0, 198
ucyqw, padjn, 1, 199
ovtng, vzhru, 0, 200
kkdoh, azvne, 1, 201
usohp, rafgh, 0, 202
zfiyg, fpkku, 1, 203
kqpab, iumgm, 0, 204
uflys, ozjyv, 1, 205
motjb, nlmwf, 0, 206
trgfe, fzxho, 1, 207
lafjy, gsbdr, 0, 208
ahqwz, wcrkl, 1, 209
lkwqy, cmqpm, 0, 210
kcidu, qpetc, 1, 211
bpgek, ulznl, 0, 212
ldlbb, ggcxu, 1, 213
vvbue, ekyef, 0, 214
yrubo, gndue, 1, 215
zfbeb, zhzxn, 0, 216
ckxqk, vfepq, 1, 217
svtjv, uprqx, 0, 218
yiejl, jpher, 1, 219
vhfxj, vlgto, 0, 220
xnnsc, fiwoq, 1, 221
jxira, vsqog, 0, 222
ouupq, avfxd, 1, 223
qsadx, seocs, 0, 224
xwuon, pysxy, 1, 225
iphyb, orglw, 0, 226
xkvjz, cgokm, 1, 227
vfhuf, qpnkh, 0, 228
uerzj, friyd, 1, 229
cgsfo, sorlr, 0, 230
ziddx, dciyl, 1, 231
gszzl, adhbe, 0, 232
ggrbv, tqyzg, 1, 233
esdcb, dqrlw, 0, 234
myhnw, sjqmm, 1, 235
xdtfz, wvtkh, 0, 236
qmecv, scngw, 1, 237
ircoh, ecgxm, 0, 238
vtftv, yxuii, 1, 239
vjpkf, rzpiq, 0, 240
jvnbg, isoex, 1, 241
rwkle, qkddi, 0, 242
qhlww, vuzow, 1, 243
yqmzp, jldru, 0, 244
wvrdx, ijhle, 1, 245
xtjdh, zcpdb, 0, 246
jqlja, kotwx, 1, 247
dxore, wgstm, 0, 248
dnfzh, zsshj, 1, 249
idzcf, kjinm, 0, 250
cfzzt, iflja, 1, 251
ugcog, lgmdo, 0, 252
iikyl, ysryk, 1, 253
gyjhz, nwsqz, 0, 254
gzdcv, gzhhc, 1, 255
gxjzu, ssefz, 0, 256
zgzkf, fpvpk, 1, 257
oxiji, sblzs, 0, 258
llpym, qovqc, 1, 259
wgttx, dnfln, 0, 260
pzcmp, refuw, 1, 261
yqakt, yhklr, 0, 262
wefcf, kixap, 1, 263
slqyf, adccp, 0, 264
nirhi, sipva, 1, 265
qvdap, zxwma, 0, 266
gsgkv, avnjv, 1, 267
rssjy, hrxkl, 0, 268
vgsrc, bqedk, 1, 269
mlmxr, hokfy, 0, 270
ecrnz, sskub, 1, 271
khhge, ueccf, 0, 272
deltg, rtlzd, 1, 273
phabh, rqphk, 0, 274
xqocz, wjxbt, 1, 275
bsymo, bmrkv, 0, 276
fnhno, ufbrf, 1, 277
umkwf, dpuaj, 0, 278
lcqka, wtmpd, 1, 279
hjebi, iqcei, 0, 280
rhtqf, wlsca, 1, 281
znpov, jyqdh, 0, 282
ename, dkjul, 1, 283
rovik, hsexn, 0, 284
vffvb, ekirl, 1, 285
oaeix, oetqt, 0, 286
hludu, qzasb, 1, 287
jmnzk, ggwnn, 0, 288
lqvgy, klnsx, 1, 289
wufqk, tcjmk, 0, 290
syyix, mswps, 1, 291
brmek, ifpbq, 0, 292
ywpwe, ahvkv, 1, 293
ctuam, godst, 0, 294
hofss, bnwjd, 1, 295
btwye, ctjnw, 0, 296
znttl, tturi, 1, 297
podgv, bsstl, 0, 298
uifpa, nhigl, 1, 299
gkatu, wctsa, 0, 300
jnuxm, squym, 1, 301
ankuq, fytnd, 0, 302
ccxew, omokg, 1, 303
fuhre, genex, 0, 304
eqgsn, bdcud, 1, 305
wwgfx, sedil, 0, 306
xmgyu, lsefe, 1, 307
ebhuq, fisto, 0, 308
ysggh, mtaba, 1, 309
joahq, fgzkk, 0, 310
szkyv, uvixe, 1, 311
eomnk, kgdnh, 0, 312
gtbjy, ifwky, 1, 313
hsudj, fdhsm, 0, 314
lttkg, dpirp, 1, 315
yazue, bciqr, 0, 316
yyjkr, cyvdu, 1, 317
vvbbs, cenaf, 0, 318
rjqkt, hbxvt, 1, 319
rzbcl, dgvqw, 0, 320
hlvzm, aaekh, 1, 321
zyete, vkokx, 0, 322
dttku, ohxjf, 1, 323
yyaem, yqzia, 0, 324
faklc, bpjyd, 1, 325
esgld, qlsao, 0, 326
lxomr, nwcxg, 1, 327
pakng, obifk, 0, 328
gcxzn, jvfiy, 1, 329
cghna, vkfss, 0, 330
irlhx, whoef, 1, 331
anxme, affia, 0, 332
ecvpm, emlwt, 1, 333
egweq, nlxfw, 0, 334
hvhbx, lgvzk, 1, 335
picdc, wjrfj, 0, 336
mkhzy, oqaeo, 1, 337
ifnhf, cnxtn, 0, 338
nnmmr, qxmak, 1, 339
pmofq, rvbvq, 0, 340
sqisr, jjseo, 1, 341
loyqs, rivho, 0, 342
vylxy, uzogz, 1, 343
ugjli, huvbo, 0, 344
tawfu, jbrvo, 1, 345
qxonp, ulmbf, 0, 346
gnrbu, zqqop, 1, 347
dyasg, phydn, 0, 348
alyfg, enmqb, 1, 349
apvko, ogdpl, 0, 350
lnuka, zpbwi, 1, 351
dopql, froem, 0, 352
xzegt, dkfxb, 1, 353
bdoqp, kiesc, 0, 354
znfet, hpbke, 1, 355
txnqb, xydne, 0, 356
rrhvi, yguoq, 1, 357
fbqgi, wqhtu, 0, 358
qcekd, apkjh, 1, 359
ezmin, hnyhs, 0, 360
xsoka, xrgst, 1, 361
vsxhp, rqzjd, 0, 362
grrol, ntzvv, 1, 363
ppguv, apimi, 0, 364
emfet, yymam, 1, 365
pwhgo, qnyef, 0, 366
rqzmy, xpgzy, 1, 367
ueofk, xyafu, 0, 368
lpmdx, uczef, 1, 369
lxpjt, piois, 0, 370
hvovt, fkwvl, 1, 371
bobnk, zuysm, 0, 372
eyuqy, vcgrc, 1, 373
rfnil, pdsct, 0, 374
ekxhd, okxyn, 1, 375
siync, rsrpr, 0, 376
beryt, qeayp, 1, 377
qhgwb, trdjh, 0, 378
oefrt, unumo, 1, 379
fpeeo, fkacr, 0, 380
brhjc, tqcin, 1, 381
cjmfg, xfkgr, 0, 382
vqwdj, txphp, 1, 383
snlqy, huura, 0, 384
xnepq, joxst, 1, 385
gopwy, khazp, 0, 386
qttbz, wiysp, 1, 387
gaxii, kkqii, 0, 388
mlxzw, mwxhp, 1, 389
ozuds, nidev, 0, 390
fhooq, joyse, 1, 391
artqr, ccbxj, 0, 392
zmmjg, nxgil, 1, 393
xhyqz, iovws, 0, 394
orfoz, zpbvl, 1, 395
gdyxd, hjsts, 0, 396
bekpa, vcukl, 1, 397
kxqbg, iyced, 0, 398
yutxd, asupk, 1, 399
popgh, ajyej, 0, 400
agczo, gcjnw, 1, 401
sdkpl, xtjtt, 0, 402
kqkle, rnbnd, 1, 403
eakiw, umfsm, 0, 404
uucce, zisbe, 1, 405
yfsih, olgii, 0, 406
lykby, lzmbg, 1, 407
vycvr, oypld, 0, 408
baeup, advff, 1, 409
ugspx, hwkxe, 0, 410
tcmlp, iknxv, 1, 411
wnqpl, rjjxp, 0, 412
dqazu, mlwpp, 1, 413
tfxlo, qcbad, 0, 414
kxici, njcsz, 1, 415
uxhtp, uupee, 0, 416
pdyrp, lflvr, 1, 417
xkiam, ptpzv, 0, 418
nznsj, mhpxb, 1, 419
snuie, awltp, 0, 420
lycxr, dbdiv, 1, 421
avhil, ppkhq, 0, 422
abwkk, gsgsd, 1, 423
pwmak, nwqjt, 0, 424
qteey, xbjud, 1, 425
ypblu, cnxxo, 0, 426
xvwxz, syicp, 1, 427
gvdsr, ztbga, 0, 428
dqbnw, mfeft, 1, 429
rmzwk, hwvaz, 0, 430
lnkzb, csydg, 1, 431
ucwpa, yshfx, 0, 432
vvjde, mduar, 1, 433
hlvvc, hpdhd, 0, 434
gbvex, vasyl, 1, 435
vndxx, ltoud, 0, 436
jdwcs, xswun, 1, 437
zpnhg, tjahf, 0, 438
xwyly, moaip, 1, 439
fjvev, zjsab, 0, 440
oqfaj, gcymb, 1, 441
uhvjg, yzvny, 0, 442
otpby, nqudm, 1, 443
yrido, qjnev, 0, 444
dybne, uafpw, 1, 445
segor, ffbkw, 0, 446
ihoxt, finqt, 1, 447
nfcos, nqjtx, 0, 448
zjuxi, axecz, 1, 449
sawko, grnhb, 0, 450
rrtpd, avone, 1, 451
ndulx, bavke, 0, 452
nhjju, gxqyh, 1, 453
ivddg, ooqii, 0, 454
xgtcx, tvbdp, 1, 455
xtwil, pyben, 0, 456
miuxv, yehqe, 1, 457
slrck, sloxp, 0, 458
wiatk, rdktp, 1, 459
kawwb, ahxfs, 0, 460
bakxz, vhcjm, 1, 461
dkmpr, eqqed, 0, 462
etdzs, pbwmf, 1, 463
ucdyh, fpmlx, 0, 464
epazg, lqhde, 1, 465
vshqk, jfdkc, 0, 466
wwmbr, crzlk, 1, 467
upuqh, vgaiv, 0, 468
xehvc, orlqv, 1, 469
twxgy, dpkhl, 0, 470
gipsz, nbpnv, 1, 471
ysyhr, hgibl, 0, 472
ozghi, qbedk, 1, 473
edhmv, duzkt, 0, 474
tpgsa, jnkbi, 1, 475
tnlzo, pehqh, 0, 476
ydupn, arvam, 1, 477
snlqa, ayzop, 0, 478
ppvsu, fddnu, 1, 479
qmoht, irpqw, 0, 480
cboes, rjrmj, 1, 481
ztmnp, qzzel, 0, 482
ljgex, megqv, 1, 483
maveu, egymh, 0, 484
nvuus, fjcrm, 1, 485
czatb, vybik, 0, 486
dzrbc, aqcce, 1, 487
gbjcg, rgktp, 0, 488
drewd, ypthr, 1, 489
ewoxi, edulj, 0, 490
qcvra, mllue, 1, 491
snklp, fjwkl, 0, 492
hklwg, wrxqr, 1, 493
vodcx, bnvmq, 0, 494
cnmgz, nfwgk, 1, 495
phqpl, hzswh, 0, 496
ynjgh, nawbu, 1, 497
eghyw, psdpa, 0, 498
xtlor, kpfkr, 1, 499
hgnoq, roqmq, 0, 500
