tykwhluaxf, bqgiitghgy, qcgrk@gmail.com, NAVER
nwxgflruof, lykxnmflbg, misnu@gmail.com, GITHUB
dnmovqhpnl, ytifngcqnj, fggqe@gmail.com, NAVER
wdnfevjagi, wepyjyizgp, xieel@gmail.com, GITHUB
gawrnkrbhi, szbjqcpifm, livvj@gmail.com, NAVER
avdkmlkvfj, hadcixmoqp, tlitx@gmail.com, GITHUB
qwsmbjjqaq, yiqebdktdc, dwqdh@gmail.com, NAVER
bwlrusbggy, aruilsboox, ygxnn@gmail.com, GITHUB
pscwhuzeft, euigikgdrz, gglyw@gmail.com, NAVER
ufbsevshad, rgnbzhchfq, smqmi@gmail.com, GITHUB
yxhahzscyq, cybbhsdcjn, uzhgw@gmail.com, NAVER
unrclehkfu, evxnwusziy, qycvu@gmail.com, GITHUB
iknappcoof, eeejesshgj, rrcwa@gmail.com, NAVER
abqkelnclw, zptztnebji, jxjkf@gmail.com, GITHUB
cbsuejxmof, ugbvzwphzc, sjzdx@gmail.com, NAVER
rxlhtehvai, zvbnmzhktn, iiamj@gmail.com, GITHUB
orxsycjfiv, aegtuxuikb, impff@gmail.com, NAVER
uobsvqvqqp, ahpayelwti, fqmbi@gmail.com, GITHUB
tqtyfcfxjo, zhpehmkdrh, gktpc@gmail.com, NAVER
lqkldsvsqv, pxwpeelxpg, qlivy@gmail.com, GITHUB
kjeimnhvyy, sfhnztuzxm, buted@gmail.com, NAVER
tnwskooeix, llocemcgqd, vujgl@gmail.com, GITHUB
deqngxrtux, nmwrircigq, oshxb@gmail.com, NAVER
ozxzhkulam, kddkedoofd, ywzlf@gmail.com, GITHUB
cdbndjbqwt, dwhjlezbqs, waqfe@gmail.com, NAVER
jkhbkzcxzh, dygddbrbaf, xnntx@gmail.com, GITHUB
mffvuajdnt, ipedtfrgpq, eiqsm@gmail.com, NAVER
giwpaxzljz, vbhatlsdbl, rbejs@gmail.com, GITHUB
bisjzzdpgy, gchvotufxx, rdozh@gmail.com, NAVER
quisdtvquc, rknwaqotus, fgnqb@gmail.com, GITHUB
pzzvwtbita, stnxspgvxo, kkfgr@gmail.com, NAVER
rqkpspskdl, clfqhannss, eaqfa@gmail.com, GITHUB
rcxwfeffih, npjqxluijo, iwygi@gmail.com, NAVER
irxlspduix, naauawsojz, lhcfm@gmail.com, GITHUB
niehcfwocg, ornnlvacrx, egxul@gmail.com, NAVER
zsvsewjuxs, ysrlynitjk, qjcbf@gmail.com, GITHUB
dpwednlkne, ciiwzskhzc, durvx@gmail.com, NAVER
olehkugcrg, jcjtwdlpqw, osgxo@gmail.com, GITHUB
lusdcbhsli, zvytlrmiio, dizvr@gmail.com, NAVER
xpmohjgfod, oesmufdzip, rbdqp@gmail.com, GITHUB
jlrkofuvgo, ajvuqdzdzb, rginp@gmail.com, NAVER
lhjigbyfub, ledtrfugpq, osluf@gmail.com, GITHUB
omwllttktz, aeagnbxhev, llanh@gmail.com, NAVER
fannpqgact, ofqcrlhbyv, xctme@gmail.com, GITHUB
opgusuesrv, thykkmrufp, njyde@gmail.com, NAVER
muamoqwyjy, pawsuiqfmr, bwwin@gmail.com, GITHUB
ecqoediqus, fjsnfctcwc, psrpg@gmail.com, NAVER
stgznfajsr, jjydlspipo, ubbts@gmail.com, GITHUB
bxuwcflqks, adcvmjzhdk, bbtqo@gmail.com, NAVER
nlepkeepnl, oluckaspxr, jktpn@gmail.com, GITHUB
otppnmbcsu, muzemcgsuj, cnwqc@gmail.com, NAVER
dbtfrxrixs, jagjmnbkwd, utrtc@gmail.com, GITHUB
esgutxhlpc, vwgvzcevsu, xbqkx@gmail.com, NAVER
rhiyfdexqd, wlsprygmsp, tdbzj@gmail.com, GITHUB
uvnuhftarl, gbqrsumtcc, ljgoc@gmail.com, NAVER
aqgyewlkjj, gbicniohiz, hmmtq@gmail.com, GITHUB
fduthghjfz, ebkfwykhtd, qiuag@gmail.com, NAVER
tyjcwqnwsn, cpoavcdrff, enbxo@gmail.com, GITHUB
ditzvthzxh, kozfkvxnpf, amoxx@gmail.com, NAVER
gkrormjsxj, dazycbdudh, heoje@gmail.com, GITHUB
rvgxmbpqud, uhidewhhdb, ngqoh@gmail.com, NAVER
dddzynoflv, zhvibsqans, gsjub@gmail.com, GITHUB
uotzsqccbb, qlgfhkxuep, wytuq@gmail.com, NAVER
lnlvjuxdlx, aqosvgbine, krwen@gmail.com, GITHUB
nyddtnrqqf, apomrtbaef, rredj@gmail.com, NAVER
abpjwysnen, uxiupwinpo, daavq@gmail.com, GITHUB
phuulnizyb, dhtovfbcsw, utnei@gmail.com, NAVER
ljnobmgmqn, xwtdsaqzdf, pxeeq@gmail.com, GITHUB
cnelvwsvqm, aoisifbhap, oumbi@gmail.com, NAVER
oikhtrxjzw, ftdsggwtyt, txgtw@gmail.com, GITHUB
cbpvvclkca, gahtrzbpcj, enovz@gmail.com, NAVER
zoaotszfvo, vgqaqcplcy, iywkm@gmail.com, GITHUB
nobudwwhmr, zsgjolzbix, wvckf@gmail.com, NAVER
fbyqdkycdm, aoyfokrtjd, felbf@gmail.com, GITHUB
fyrffdrsnr, txvpsofljn, xrrau@gmail.com, NAVER
fyclbohqsb, kdiavmtega, nzagu@gmail.com, GITHUB
hxsdyfvhgy, roprzsdsdp, vdwxy@gmail.com, NAVER
xkaixvzwni, lplpnvspfr, rawkc@gmail.com, GITHUB
wxusfjjhdz, pnagmyuupw, dhjca@gmail.com, NAVER
slxaervwju, hliousaxky, onyvi@gmail.com, GITHUB
homuizsevi, prbnadawko, eowcb@gmail.com, NAVER
ygzjeibgem, uafiskyypc, xiaem@gmail.com, GITHUB
bjocpgyqdk, vvccnpgtvc, lqqmm@gmail.com, NAVER
wwjqdengun, khgzyytnjz, nnkoh@gmail.com, GITHUB
oaypdsigwn, obramzzmyk, zfbsu@gmail.com, NAVER
gthiizsrlz, wrucbwcdey, wcmec@gmail.com, GITHUB
ubytdwnpje, ajevlstuup, vfuys@gmail.com, NAVER
nddaorguav, vhiifxvjln, fpszk@gmail.com, GITHUB
knaaogkndr, aznlrnhcqk, osnej@gmail.com, NAVER
pjhpbzlrwx, sjpylppflg, clpdd@gmail.com, GITHUB
zrvnbbysxs, kybochmgno, glyjt@gmail.com, NAVER
apiykyejxi, ahrhnksmyi, bmwma@gmail.com, GITHUB
hgfgpgbwez, weludxclrw, hcneh@gmail.com, NAVER
hrvpsqpgje, riipeqiqze, eannl@gmail.com, GITHUB
jednhkulul, cdlckwybaj, snmni@gmail.com, NAVER
edvajktfcb, fekllekpws, pztvw@gmail.com, GITHUB
siqqfdtlnu, iieedrgkpn, eztfw@gmail.com, NAVER
rziclbfqgb, agzghzuuog, ndpxv@gmail.com, GITHUB
jmswqinszr, nxmmrpdxzs, ccihj@gmail.com, NAVER
txfiglgopr, sjjwvvuesc, edscl@gmail.com, GITHUB
vyabdmrmsy, fefhsnyqbb, wxldt@gmail.com, NAVER
iiuyjnckbk, khueenhdxe, fmjyy@gmail.com, GITHUB
nbjivzacgn, dttesbvahn, teyth@gmail.com, NAVER
swsiopxpwc, jonwwwduth, vwnub@gmail.com, GITHUB
zdbrfyvqhv, vogvcakuin, ifseu@gmail.com, NAVER
bjyykkesos, sauryowjdb, kzlvq@gmail.com, GITHUB
simflsfcvb, lzaavahdxj, vdxlp@gmail.com, NAVER
hxkqyslozn, zvivskcgzn, pratq@gmail.com, GITHUB
wztyjhkowa, gofepaaisq, gnvna@gmail.com, NAVER
pcdfmckfnm, dxjlvmwdmb, eylfn@gmail.com, GITHUB
croqhvoazc, berkvzvyyu, sogqc@gmail.com, NAVER
hukjwwvhpu, aphqxaxucx, gjatf@gmail.com, GITHUB
oakolmgejf, wnygdtkaqb, xvulo@gmail.com, NAVER
wlucpxtkeo, xyaakadvey, igfyw@gmail.com, GITHUB
uwerxdruia, hupgebcfav, eycmi@gmail.com, NAVER
gcovkvfiqh, xcfdsjraac, ltjqz@gmail.com, GITHUB
qmfvpsxled, uwjdcxciee, spezh@gmail.com, NAVER
sirnlmsnsy, obglavgpkd, njjzk@gmail.com, GITHUB
bwcxbgcmmv, xkxdxmaxsq, vhdwy@gmail.com, NAVER
nqdbcnzxaa, mgralpxwbd, sahtl@gmail.com, GITHUB
arygcfdebk, lpesadpszg, btunh@gmail.com, NAVER
ztnuqomoeg, xttdwdhmph, jkmnq@gmail.com, GITHUB
qlodsmqeti, vrtcdbqman, xurdx@gmail.com, NAVER
ytjjgdsnyh, fkvhgopkba, wyxkn@gmail.com, GITHUB
ufrfusilhv, cxtutjckba, wybtm@gmail.com, NAVER
plhyniecng, yymtbhldpt, rowvw@gmail.com, GITHUB
bmdtdqlbwf, knbigbycpj, fprvp@gmail.com, NAVER
qdeupzpnnx, xnffrlypac, mpxbd@gmail.com, GITHUB
cwojzslxvt, wyblwoxzsu, zywow@gmail.com, NAVER
eezlhccmpz, nrxhsrvjtm, xwtmn@gmail.com, GITHUB
alxxtzzhkx, hxwosjdzel, xvavl@gmail.com, NAVER
eqtdawggur, fczgdinjtg, sisaa@gmail.com, GITHUB
mkhzqhljhv, hgdjkfceet, urqao@gmail.com, NAVER
uqqmwilcdl, tuiqnxwkgt, cgilv@gmail.com, GITHUB
auczkloucg, pjmuzjwoye, ujqwh@gmail.com, NAVER
dbkgrmtegg, rbefoeiehf, kwigu@gmail.com, GITHUB
vqvrcbpgyk, dsatkzbnbw, fnrkn@gmail.com, NAVER
amoomkuxvc, zflpgipwpf, hmwtb@gmail.com, GITHUB
ntxerwnajj, iaupzymyhe, maqko@gmail.com, NAVER
rzpfvbxzxa, wxqvqkwfnh, csmcy@gmail.com, GITHUB
xogaekvxjd, rpfweyrqjb, mbqfk@gmail.com, NAVER
xvmtqbjwhx, zbhslzwurq, olynf@gmail.com, GITHUB
clekxcajoq, mysuujbqlh, duoqa@gmail.com, NAVER
rwivrcnobp, wysqjytpjp, jnofq@gmail.com, GITHUB
xzzelvrbam, sslmwfonun, bvpby@gmail.com, NAVER
sfckyoqdwy, afdmivngbg, vixis@gmail.com, GITHUB
jypwcfrxyq, zlqgpuaawj, izkpx@gmail.com, NAVER
jinurfflfe, dcflvcafpg, xvkvx@gmail.com, GITHUB
bbcpxlmsmq, lrirzdwkeq, vabwc@gmail.com, NAVER
twdiryfcjv, dcsgiaibcg, nwnjy@gmail.com, GITHUB
akihbnjphs, anjrxugfvv, vdnyz@gmail.com, NAVER
eyadmvosyo, morfiyibeq, qzoei@gmail.com, GITHUB
brtiyyqssl, cqqutvnrhq, onhzw@gmail.com, NAVER
hcdxzxgzrv, jnwhmwocyb, tzhds@gmail.com, GITHUB
bveckculod, onquxdsdsi, evwcu@gmail.com, NAVER
pmiqiqjyjv, amqcnalmkh, nmjsl@gmail.com, GITHUB
iqzpkrxedo, zbbgfzvpmp, utkfu@gmail.com, NAVER
gddvlkodgi, dkyuvoqkmx, bikdw@gmail.com, GITHUB
gskluglwbl, gagvambiqr, zjpez@gmail.com, NAVER
nehoypxmjx, ysuctdgvcf, joikc@gmail.com, GITHUB
jrmlktpndr, kogbrnrmeh, yytqd@gmail.com, NAVER
wkjpaavtvc, pvmgsvztgj, xppjf@gmail.com, GITHUB
dnnlsblmzb, jilicpqcga, nqnsc@gmail.com, NAVER
ebcpgjvnst, jaukpzxhkd, xgnbc@gmail.com, GITHUB
sfghdotfws, vsllpunare, rrrcm@gmail.com, NAVER
xzuvdhoeby, wmocixrhiy, sqrpc@gmail.com, GITHUB
qstggdanqj, namkxqgzvl, mrncq@gmail.com, NAVER
uqdblywkni, gczgkkzmrk, kucan@gmail.com, GITHUB
ixircwildw, ibpiaaolza, kqqen@gmail.com, NAVER
lwklbukipf, esmjqjoczg, tyzzy@gmail.com, GITHUB
tnhupslack, biksmliqcm, nmzqz@gmail.com, NAVER
yiqrvrondl, owvxiukzpt, zjgbd@gmail.com, GITHUB
ghhcejcmdg, iyprtpdzuy, fylzp@gmail.com, NAVER
cegbumuhwb, lohbtvavpf, dzwdr@gmail.com, GITHUB
ztowyjljfq, pubznkrptn, ntdhk@gmail.com, NAVER
iferckopak, hlrmdmqsdq, ehnuq@gmail.com, GITHUB
ttzzflwbbf, myndxrregc, azhec@gmail.com, NAVER
wurgsiqjdk, lchutsaocl, nkovq@gmail.com, GITHUB
utfhfbybjp, ytyocmeghb, yerza@gmail.com, NAVER
dzrvwnlqme, qhebxajgde, dxhon@gmail.com, GITHUB
unilwvlsjh, fnbocgitrf, zufgd@gmail.com, NAVER
qasmnizfam, hrobgzuxvq, ahtcu@gmail.com, GITHUB
fxpehaihpz, qcpiccqibi, hprkh@gmail.com, NAVER
prtxhcrzip, kbhmpblsge, eyqef@gmail.com, GITHUB
lqqirktsot, strbtqwrmn, ykjwo@gmail.com, NAVER
kfbgixvbfq, jmbqbqaubo, ozvvi@gmail.com, GITHUB
jzwlvjzphw, mdowzofnnm, bmhtf@gmail.com, NAVER
xjkyzljhmh, rbztresjrt, essmp@gmail.com, GITHUB
hjmthcbriw, xdgtwiezgc, jawvr@gmail.com, NAVER
slgsgczadi, vzzqhyyzsu, jfeoh@gmail.com, GITHUB
vmjyhcumkb, esnalexjdz, odvtm@gmail.com, NAVER
wmcmmhyisz, dmmskpxzxr, udyuw@gmail.com, GITHUB
dlvhkbvulp, eiddspgomc, gppat@gmail.com, NAVER
uxqgasrhlz, cejjkkpaxx, rudsr@gmail.com, GITHUB
rvcquhfnhh, uzrqlzdzcn, oexuw@gmail.com, NAVER
kzbezwofks, ajzehbbdon, jvako@gmail.com, GITHUB
xroovossoz, rcyzshdzhg, ysouh@gmail.com, NAVER
mukmpgiozx, cmfbyghbvu, edzfa@gmail.com, GITHUB
ueimjuagpv, nvlnampmoc, ferpa@gmail.com, NAVER
yjnwkbzkwk, pmkndropsu, rxnri@gmail.com, GITHUB
tdfxfalwcn, kzaxtzolvd, yqafl@gmail.com, NAVER
mgzswiauzw, szjgzepnbc, fvgdq@gmail.com, GITHUB
zkkiinkpkd, jmggvgciqp, cgsov@gmail.com, NAVER
tiikotmzbg, ruagaaguna, hglbd@gmail.com, GITHUB
sedvraupzw, slzgfmhogh, lgjsj@gmail.com, NAVER
urrqagoeyt, frjtbkknhu, kaluv@gmail.com, GITHUB
xknfartptl, bvkhimohaa, jjizj@gmail.com, NAVER
dtzointiiy, zsapwzutqz, cjhlk@gmail.com, GITHUB
zndoqsxrbn, tvuvjwgifp, kfutp@gmail.com, NAVER
dcaggutsek, ykszeqxxdl, wpggx@gmail.com, GITHUB
vtemquoxfz, idhocmucow, ifvps@gmail.com, NAVER
qwzgujysne, byidvnjrks, gpsej@gmail.com, GITHUB
dfnzuovtvj, chogksgrvb, bismv@gmail.com, NAVER
wylnwivphl, detezdblid, wwtpf@gmail.com, GITHUB
amrwbgefgt, mehtsnxgtq, xiaem@gmail.com, NAVER
ichosxvndj, qccmfrhaby, buwim@gmail.com, GITHUB
jtpdlqnvod, qrexirkehk, zziak@gmail.com, NAVER
atgiqsdzgu, jhaxryeapf, ljera@gmail.com, GITHUB
esxxvwwtvf, oasvsfupxc, gllha@gmail.com, NAVER
dhkcghmicm, ijmrhpvppo, yczch@gmail.com, GITHUB
dumevvoqma, iahdciacrb, gphoj@gmail.com, NAVER
tuicxqhgdv, kacfwfbwpp, qntjy@gmail.com, GITHUB
xmiysymyoh, shdkoizrms, otnhs@gmail.com, NAVER
ferqrfxrqg, avtipdsynr, woavf@gmail.com, GITHUB
ztoiiumeaf, wucmwykqbu, xlqox@gmail.com, NAVER
owgcjalyla, nuyjqgvchn, pzuku@gmail.com, GITHUB
tyqgrnplin, zpofltyjbo, icxve@gmail.com, NAVER
roypahjruv, odhabytqdj, sscye@gmail.com, GITHUB
jqykxquqje, cdebjfdqqa, eintg@gmail.com, NAVER
nezfugxtqb, tdwqpqluhx, tqjlj@gmail.com, GITHUB
kyjnjvtoqw, oyaoxwybkp, dmcbu@gmail.com, NAVER
ejiwytgnzt, zldwyqvxkp, ozysy@gmail.com, GITHUB
bqjgchwito, hsphrehbhs, hesuo@gmail.com, NAVER
owvhltbmod, aalkksjeca, rbsbn@gmail.com, GITHUB
tzqylwilym, setwelkedq, sgsju@gmail.com, NAVER
mxnkwrcjhh, sovkukmudv, qumqk@gmail.com, GITHUB
ngcleqlgoj, xdtnsviuqg, vzktq@gmail.com, NAVER
zcwoacjdfs, lvsdaedhec, iajti@gmail.com, GITHUB
hbbljytphd, feskfwbkpw, mwqgw@gmail.com, NAVER
obaxlptors, hjdkkkszdh, cepmk@gmail.com, GITHUB
bizgmsbhxy, zylegkkpxj, pojbv@gmail.com, NAVER
opzmvntxrv, kfptptaftz, bqoyv@gmail.com, GITHUB
lyzfvdikvs, ghtmbvajyz, uyxib@gmail.com, NAVER
mrumjthjmb, vupkuokqwp, ibsin@gmail.com, GITHUB
cpssntvrxj, civvktgozn, bijfv@gmail.com, NAVER
dazmawjlsc, xyibzfuchw, ihqqo@gmail.com, GITHUB
pehehualll, vtialhczxo, bprlz@gmail.com, NAVER
gcjeqneifx, nxhybzatkw, uqbug@gmail.com, GITHUB
jideoyznmi, ptxbsrfpaz, ltyay@gmail.com, NAVER
uckwmbsrnu, gqnpmrgivf, bplfv@gmail.com, GITHUB
znlycminjx, jqssparfhu, qipou@gmail.com, NAVER
rdcdivguhg, pqklwyyknk, sojku@gmail.com, GITHUB
tsreyklbsb, qtbcjrqtot, crjmm@gmail.com, NAVER
jqlqvxrinc, ckpbnkluwm, rwhht@gmail.com, GITHUB
akagerzzbu, rpknjhxloi, mtzhe@gmail.com, NAVER
alapmnqsmj, xsgklymbhp, dhhct@gmail.com, GITHUB
tubkwjygma, qqaeuivxac, boazx@gmail.com, NAVER
ddqfgwnqwh, pjsjtbczzb, lnfmv@gmail.com, GITHUB
yrqmyspusz, fjtkkgmxih, kxufa@gmail.com, NAVER
jtaumffgtc, fdfskmdurz, jpkea@gmail.com, GITHUB
gtupeirbda, qweqghstsd, qpssy@gmail.com, NAVER
rfahnzpuuz, tatsykrgls, fxzil@gmail.com, GITHUB
ycnmtifuhm, lmnegcewkn, ypgzh@gmail.com, NAVER
ubldwuxdqy, zcekdrnhpw, fefce@gmail.com, GITHUB
jtkruftkrt, xwwamkfulo, ukxkf@gmail.com, NAVER
rwztygfozh, jxadjztunc, fiurd@gmail.com, GITHUB
dgxtaborpp, qbyztgstjq, lzjqg@gmail.com, NAVER
sagwsuksgx, fmxgtyypud, iotle@gmail.com, GITHUB
zwhwealhka, zfkwurhfkp, vtdgq@gmail.com, NAVER
kagxyshvpt, rpqgwvycil, ftevt@gmail.com, GITHUB
ktgeqbpvbk, tgywcfmyol, hofth@gmail.com, NAVER
txyoscubeu, ecdipgbhes, jelxh@gmail.com, GITHUB
jgioaxmacb, ugnqaogamq, uubsc@gmail.com, NAVER
aopeiecngo, tnkxkjunuk, fqenk@gmail.com, GITHUB
uqvmffaxos, vzfouyfgcz, zmwxf@gmail.com, NAVER
bejrwgywkp, dhnvegypas, uybsh@gmail.com, GITHUB
mjywutardx, jogpaqmxxl, jndsg@gmail.com, NAVER
iqemnimyvc, gjuqmluqlj, ovaqu@gmail.com, GITHUB
nktxxvldeh, vizxzgijfc, vizgq@gmail.com, NAVER
ngizvfxgxn, ggtamphoel, nwhrx@gmail.com, GITHUB
tvjgbmtpoz, kozgpnqjwj, abrqx@gmail.com, NAVER
rtaowywhuw, gjssbqklaj, viwjj@gmail.com, GITHUB
kxdduomqze, irayqtzkfx, apxgz@gmail.com, NAVER
oswefnxpfu, sbiqwhdzda, iojnn@gmail.com, GITHUB
xgnmuucvwe, awdyaprjfv, qtops@gmail.com, NAVER
pbfmjeechu, pwaqqtypyt, nsiiy@gmail.com, GITHUB
ybuahvrhcj, lstdhdeeev, dxxht@gmail.com, NAVER
pjmmjjjvzp, jagzkkqbuw, prkzr@gmail.com, GITHUB
asqfuncxeu, djusuuhjlx, xevss@gmail.com, NAVER
euahkbispj, kntfhwbdft, epjrd@gmail.com, GITHUB
qvknerhgdm, huqonumjij, jjhva@gmail.com, NAVER
ttfipilcvd, dhqafwdela, jwhve@gmail.com, GITHUB
vicocwlfns, udqlzhkfqk, ddkpl@gmail.com, NAVER
ejhnjvpdet, qpkwjahuta, rxufk@gmail.com, GITHUB
bpflkxzknj, qokwzukajs, uhxzg@gmail.com, NAVER
goixrvthdy, fosznaiztb, bstzp@gmail.com, GITHUB
wkdqkkoxjh, phexinvxmi, xmbei@gmail.com, NAVER
sghfulvydm, xvmqulsqgh, jiwuv@gmail.com, GITHUB
jtcylmicsp, tzgnkzcebg, mvgua@gmail.com, NAVER
qafhivrwcp, wioqonqwmx, ewxpv@gmail.com, GITHUB
dhlwatmfkh, ucqztvitcd, onmwh@gmail.com, NAVER
aryevcqagn, qpjcwaxklk, rncux@gmail.com, GITHUB
pwbkubdvfp, yxjbxohnex, azcvl@gmail.com, NAVER
fwdcjttweb, gvevdaaobs, pqphz@gmail.com, GITHUB
royooyzlvc, algfbpzcgn, znzep@gmail.com, NAVER
ytykdydzzo, dpdzhqtvuu, wsyvb@gmail.com, GITHUB
thxohukgte, mpougynuen, lahhx@gmail.com, NAVER
dahzebguba, hlttemwnrk, smfzy@gmail.com, GITHUB
knowihujhc, xhvoysdscm, nqupx@gmail.com, NAVER
rjltgaaykr, wmmaotgazv, jcutz@gmail.com, GITHUB
mmeelrzsek, vxoenhwdlp, vsaxl@gmail.com, NAVER
txhslgmcua, lhzshmgdfu, dmvqc@gmail.com, GITHUB
yuyjsptgxv, mshqzdwqpv, fkrkh@gmail.com, NAVER
kufeyrwgwo, avlnexhwnw, vzdym@gmail.com, GITHUB
rsdqsfqcoh, snthxxskfm, bkmia@gmail.com, NAVER
cbqwiaqlgg, fdlmwtdual, tblgg@gmail.com, GITHUB
rlwlzogrtb, cqjqgwcaxm, igijf@gmail.com, NAVER
olgmlemglg, yjuazzdkyi, hdetn@gmail.com, GITHUB
vcxsqyowda, kgupylatyq, pemrl@gmail.com, NAVER
ttnjyfrvtu, wlldwcsjri, gpsmm@gmail.com, GITHUB
cxfmdxyxps, tqybedwday, sbtkk@gmail.com, NAVER
ywwhjmgilx, qbjjskgomb, rfcle@gmail.com, GITHUB
ilnmjdmovd, cguregdrli, wwafh@gmail.com, NAVER
kciciwrnsg, msoqmbcmmx, qevdp@gmail.com, GITHUB
bnbjlcefqq, cennkvgclf, hlwqp@gmail.com, NAVER
wrqkyfynca, qgaxyowtpn, nvvka@gmail.com, GITHUB
xyzmlwjveq, ouoyuyxsgb, qpmfn@gmail.com, NAVER
hthwhaqntb, qketewlisb, xogxx@gmail.com, GITHUB
bkafsozwpa, ihdqhqcswt, dobus@gmail.com, NAVER
ilijilzpae, nfeqoominu, jjksj@gmail.com, GITHUB
usgzfwiest, udzhswsgwm, lcibf@gmail.com, NAVER
gvdaxdpdgc, hlmyfnqxhh, wwdpi@gmail.com, GITHUB
dnhzlerfrr, dkizdqzmya, pcuts@gmail.com, NAVER
qopxzkcvjt, kjclwnwwzm, icvfk@gmail.com, GITHUB
nvsnjlazow, fcilafbfcn, zmcbu@gmail.com, NAVER
ykjdbjijfm, iqgrepcoyp, yvrjx@gmail.com, GITHUB
zizxxkzhap, rfrriionpb, duveb@gmail.com, NAVER
xynngmffne, vrdhaykhem, fdnjp@gmail.com, GITHUB
xytwxtwyzt, gaoyyhrjot, btjoz@gmail.com, NAVER
cxwkvmvitc, dndgqacwez, dhnzx@gmail.com, GITHUB
rzogaftxnd, radpnjtwkc, ygvdj@gmail.com, NAVER
jlguvepwdu, nleygbhxdh, pzbhk@gmail.com, GITHUB
engegwrrad, ysdvnnknzl, ddsul@gmail.com, NAVER
xuuhmoboeq, sdhghgwwcp, ukfjw@gmail.com, GITHUB
hkfgxaucki, tqxqhzvpur, icyvo@gmail.com, NAVER
czovpbnpss, xhkkdtictg, zrpao@gmail.com, GITHUB
ybilgmtrte, zrxintkbaz, nlzzl@gmail.com, NAVER
qhpyetxlec, dbuntiqtcg, bwxde@gmail.com, GITHUB
veiaondlry, ircrlunwyw, xrwpp@gmail.com, NAVER
iioqmyikmp, qnquasvher, khzoc@gmail.com, GITHUB
sbdserndvb, bnscnboapg, nrvcr@gmail.com, NAVER
mgfdrtchcw, tkkwkvmeis, cfvqt@gmail.com, GITHUB
wbxiefcwkl, ohqwqsxllr, uzpvi@gmail.com, NAVER
otpibtffvr, rubakoqaqd, tknqj@gmail.com, GITHUB
jpqxqeqmof, atowyawovy, ltdvc@gmail.com, NAVER
idknjjeleb, vjuorzgmwc, ipeuv@gmail.com, GITHUB
ljrgefraup, inhavwwexh, dtcgw@gmail.com, NAVER
sfckaiiznh, rgrwnrmgeq, oydml@gmail.com, GITHUB
rtlyyhgvph, qwqvrkzdgw, ralco@gmail.com, NAVER
webjxkobgp, jmqovqszbg, sprsa@gmail.com, GITHUB
meontazoll, tlzeqkmrwm, rkquk@gmail.com, NAVER
tcomdalouj, lzbauiejsp, lfseu@gmail.com, GITHUB
npuxyjvccm, ezcjxcrbkt, gloyp@gmail.com, NAVER
wexfveadbn, vyddxjiepe, dcbea@gmail.com, GITHUB
cqvbcaccgf, udidftzqwp, nxbjk@gmail.com, NAVER
kumhoyzgha, ismalwmmfr, vyjsl@gmail.com, GITHUB
liorpqrgwe, kjejzhrzpp, bjtyt@gmail.com, NAVER
lodsbtdfwx, zooyjiwmbq, ryuan@gmail.com, GITHUB
pbwsyeifwa, ldkkrgvyku, jrryg@gmail.com, NAVER
paoelkssgv, qnozqjoiyt, ytzma@gmail.com, GITHUB
idopbygwrh, nfuyfxcnhp, jhrwy@gmail.com, NAVER
kyzpebvrdg, npadaglmup, kaoda@gmail.com, GITHUB
athwmgpwsg, ertsnfqnob, wlvbk@gmail.com, NAVER
brgnqvitvq, bxcgppmzsg, xgytz@gmail.com, GITHUB
nlpbjujqsc, amgcixqiym, kijgw@gmail.com, NAVER
mtesnfakbz, bjrwifskun, cdhmt@gmail.com, GITHUB
wbqmpneiiw, uaqdfnjdxv, ldjob@gmail.com, NAVER
itaonamnqu, hnvoopwbti, nuceg@gmail.com, GITHUB
mxivxbcotf, cpimsqkpeu, cmmrc@gmail.com, NAVER
ymuhnleksl, vllokppsfy, aepsg@gmail.com, GITHUB
cppcxgctxi, tjthqkxajv, ewjhv@gmail.com, NAVER
bvvgzztcpk, ijgwlwpruf, zxfbs@gmail.com, GITHUB
bbhgwpxpvs, lkjpnswghv, qvzts@gmail.com, NAVER
kxerkgeloh, jekfddkjpl, pwpax@gmail.com, GITHUB
qbunkvtjpj, oqzrbtcylq, hoqtb@gmail.com, NAVER
kglaaymydt, hbxyzqajsc, jojux@gmail.com, GITHUB
imjwjkfktv, beyduglteq, wskwa@gmail.com, NAVER
whbiyiaott, mbwrlnwfzi, xvsix@gmail.com, GITHUB
qeciexsjsm, vkalkmokdi, lhiua@gmail.com, NAVER
eyqfvnznzu, jqxocydvny, orteo@gmail.com, GITHUB
ojyinyorut, nogvbiofsr, fpdpz@gmail.com, NAVER
rnikgasukz, cnuhjwdydv, ithfa@gmail.com, GITHUB
wfnwbzyelf, pziqdwhunq, bepbx@gmail.com, NAVER
elonwhrqqx, mribjrcukz, rhdwh@gmail.com, GITHUB
yriobtgkdv, peslhqdexg, sbiih@gmail.com, NAVER
chwyzyeoce, ymwlpaoyio, kbblc@gmail.com, GITHUB
ooslrfynnc, dhxijshhzy, hbqws@gmail.com, NAVER
twzssqlzgm, yhjzdlcaif, mrjho@gmail.com, GITHUB
xsnyjmbtlm, gslkrpppsg, gmjif@gmail.com, NAVER
midiooacqx, egjdsqndve, drrij@gmail.com, GITHUB
ugruvnyyld, dyznmwdvng, dczkp@gmail.com, NAVER
razbatexxu, dsdzrzwltc, qalmv@gmail.com, GITHUB
kqitwxsyuy, yrautjktnm, xlluf@gmail.com, NAVER
emcbihwhpe, asgqpsuefd, vldrd@gmail.com, GITHUB
zkqbfpduku, jyxwulooei, oujqg@gmail.com, NAVER
hlobfipuoj, qrxpmqyljz, rvgrj@gmail.com, GITHUB
qcarnwgbcn, wttfxwizxj, qvvel@gmail.com, NAVER
vitzrbobxo, pmredpdwkb, jzpmo@gmail.com, GITHUB
ncspqpdwvx, fewuqvdatv, btjvx@gmail.com, NAVER
jhvibmsbgk, gghuoficps, amoym@gmail.com, GITHUB
oajksuitss, smwvaovcui, npsll@gmail.com, NAVER
wfhixklneg, pjhifeqdkj, mnppr@gmail.com, GITHUB
brkxqjpffl, ieceppogef, dsprq@gmail.com, NAVER
claapgxeru, qekhjwgqwz, uiugx@gmail.com, GITHUB
fymtydxsdr, erlrvycptd, davur@gmail.com, NAVER
tsmkwiyhoq, jrmvwrzqva, mkunf@gmail.com, GITHUB
brqpxspghv, qpveuckhya, isrja@gmail.com, NAVER
zduownrcjr, podzkfjmqg, gpqho@gmail.com, GITHUB
zlungdheka, lapgfydjrj, kwgre@gmail.com, NAVER
hepbpjpaff, zjbxtuvfyc, nvykv@gmail.com, GITHUB
wnnpiibzpf, qtbwflcmwd, mkuin@gmail.com, NAVER
ecahisnwxh, zowfvxlhox, txgxc@gmail.com, GITHUB
xjqietboew, vlcrmurubc, aflec@gmail.com, NAVER
lvpdqpvlju, edyqmlonkj, kxmdo@gmail.com, GITHUB
hwpnbgazli, kakhbzuuzu, zyszh@gmail.com, NAVER
ascbxbnygw, symkmboxbt, jautg@gmail.com, GITHUB
btzhgmzjpk, bhjyspdrtb, droms@gmail.com, NAVER
fqnodkhbgg, miizkxqenm, euitg@gmail.com, GITHUB
msqlwkxvbm, oxjjdiqytu, prntj@gmail.com, NAVER
njtmzhamqe, phbhtvyrba, lsilw@gmail.com, GITHUB
mdvbchficn, dwdtmodwmr, wiykh@gmail.com, NAVER
cmbbgvakch, sfbsgxecno, ufvtj@gmail.com, GITHUB
dugozxtwkd, jzffvhspxk, uqyky@gmail.com, NAVER
lrryglqyig, jpwgtlnurn, yexha@gmail.com, GITHUB
ynrszabqet, ksrstwxhkb, iuyvj@gmail.com, NAVER
uxnmdsemlk, zrgjtozizo, qniga@gmail.com, GITHUB
fbeaamersb, zydoffaygx, sejot@gmail.com, NAVER
hlsxjxvdsn, qlwocfakfq, yrtjp@gmail.com, GITHUB
qqfnikokyo, ftvkvpswoo, hovrj@gmail.com, NAVER
mulupqarlx, ewimmjquvg, luowr@gmail.com, GITHUB
dvhfricixv, okbxfecouh, tejdp@gmail.com, NAVER
wohryskqzu, oofgadawoe, jvmeg@gmail.com, GITHUB
bjwakouipz, dducmyiqrx, piudy@gmail.com, NAVER
tlqtomljno, ujpscgswfw, nfvkz@gmail.com, GITHUB
aquxwuaxpn, nlskdczkbi, bomlw@gmail.com, NAVER
hvmbqeeysu, rcofgfweau, nxkpv@gmail.com, GITHUB
amvzsaasgt, vnrivjxjmp, xixqe@gmail.com, NAVER
kafkhfkjbn, dqjmogewaw, bdxpy@gmail.com, GITHUB
ndqadjwmub, lbwvgzkfoh, jahrd@gmail.com, NAVER
geafbhfgfn, idprxghkyt, pneht@gmail.com, GITHUB
iszmvpsscg, vglndoipkw, ziptp@gmail.com, NAVER
ihqytpznnx, skrambmhwn, avhno@gmail.com, GITHUB
hudbnqngza, rveufhlgji, yyyie@gmail.com, NAVER
ntakbfqhwk, jnyjfzsfhr, tynyb@gmail.com, GITHUB
xdktnwnacb, kjkxywfaae, rtxnn@gmail.com, NAVER
agoasmbcli, wsmzjapwcj, fhjpr@gmail.com, GITHUB
jclbrjmkpm, fabsgaiazp, ttuhi@gmail.com, NAVER
shihikkalh, wdswfllxgk, nouss@gmail.com, GITHUB
cmygztpeox, lsfyjnwzbh, vshbk@gmail.com, NAVER
kqbfngbzgl, qgablneumw, ffvrg@gmail.com, GITHUB
zrcrbjmsqo, zagathizhe, jqeug@gmail.com, NAVER
ueomefuipu, bplztpanwn, iysdp@gmail.com, GITHUB
usubvdmtnj, dcqghjdzeg, zogcw@gmail.com, NAVER
iqglwjykpc, wimobovaoh, elbdl@gmail.com, GITHUB
usismnplmr, vygodfyvon, yxbjl@gmail.com, NAVER
tijwkghept, hvpfzelbfs, cfnhc@gmail.com, GITHUB
yfqstjjtbe, tifmlslere, pmglm@gmail.com, NAVER
mvoevchcxb, buqfeptnyu, bwboo@gmail.com, GITHUB
iixpolsper, mmmobwiquv, cdxet@gmail.com, NAVER
yfojlujlil, rtxnynxuvv, satly@gmail.com, GITHUB
apsgwbinor, jaqsfqiqza, ryivj@gmail.com, NAVER
oebtvgmcce, udxffcberf, myvwu@gmail.com, GITHUB
tsoqfqqilt, khufddurgl, gauko@gmail.com, NAVER
tzujssvjwr, tlctpdxbnw, etncj@gmail.com, GITHUB
pthoneuxmh, bcdmodfknf, vkuvz@gmail.com, NAVER
aafajduldh, whbybdoaft, rppbm@gmail.com, GITHUB
dxmvknmvzs, ykgemortoi, hhdas@gmail.com, NAVER
pymbyunhys, hjetlfngxb, zhgce@gmail.com, GITHUB
tciptsofjv, rwtfuiqves, rkthr@gmail.com, NAVER
xkwsztzmbo, fmolcpnqem, irumj@gmail.com, GITHUB
qrimzsjjol, gtjbipqwva, uysup@gmail.com, NAVER
gyumrfklrr, cpdylyrshj, uaukg@gmail.com, GITHUB
jdtqkrfrzg, dyokgpkjir, zzjhi@gmail.com, NAVER
cxdatgxqwm, brbyfdxyks, spjyp@gmail.com, GITHUB
mdtkabfesk, tuejfeiksn, zfdib@gmail.com, NAVER
tnzhbqsnmu, dewtbvyneb, caojy@gmail.com, GITHUB
hzclyfcrrt, jbjpcdrils, hoyiu@gmail.com, NAVER
sgroeypuci, aedncaljnn, kerxq@gmail.com, GITHUB
qdfigzngwt, drlwhawvja, vamlz@gmail.com, NAVER
mijsmylojw, xgffbvujyn, iiamb@gmail.com, GITHUB
rjmdonquqv, qonfqxxiic, olmdt@gmail.com, NAVER
honotwcfgw, vtmpzthrms, laeyz@gmail.com, GITHUB
oicmptvoou, rewkcvvbys, vqkdv@gmail.com, NAVER
qxogzvnioa, xurivkvukb, svggh@gmail.com, GITHUB
egrfejtpqc, vznezgsxiy, chpsi@gmail.com, NAVER
usxcnefnrp, adsssyzrml, osuzw@gmail.com, GITHUB
hzngbufnkn, hxwynwpjra, zggyz@gmail.com, NAVER
fplzupgdpi, ypfvhvckwe, pyles@gmail.com, GITHUB
qtsdljflff, jpixfeuwdf, gaglh@gmail.com, NAVER
ckudhadfmj, mcldpjruax, flijv@gmail.com, GITHUB
